"mae","rmse"
2.42141655244902,2.89005608943072
