"mae","rmse"
2.14471625160951,2.58046961909342
