"mae","rmse"
2.42186461618122,2.88591233530427
