"mae","rmse"
2.28485667490724,2.74151004465597
