"mae","rmse"
2.2304770462444,2.6837529098253
