"mae","rmse"
2.49390543621101,2.99482992781914
