"mae","rmse"
2.1582327310046,2.61336404336832
