"mae","rmse"
2.45849026673383,2.91843920996164
