"mae","rmse"
2.39446316899753,2.86630546990457
