"mae","rmse"
2.15466341667942,2.58617667519618
