"mae","rmse"
2.28888351629401,2.74883887774619
