"mae","rmse"
2.25282636687287,2.70666897274327
