"mae","rmse"
2.63887885396567,3.13850732097212
