"mae","rmse"
2.07170718082728,2.51828431941448
