"mae","rmse"
2.41739659142699,2.89355837253568
