"mae","rmse"
2.38972701545354,2.86045511138457
