"mae","rmse"
2.22661331355322,2.68616956939177
