"mae","rmse"
2.03848659388765,2.47099690279897
