"mae","rmse"
2.40794884890222,2.87067231585093
