"mae","rmse"
2.24539278552789,2.70250435859369
