"mae","rmse"
2.32454342647473,2.78936021619337
