"mae","rmse"
2.08300530130621,2.50569955575924
