"mae","rmse"
2.17077626381536,2.60342670044116
