"mae","rmse"
2.26268952833034,2.71784475844323
