"mae","rmse"
2.42161074081867,2.88174177153486
