"mae","rmse"
2.17097331431164,2.60206039663926
