"mae","rmse"
2.20715272820152,2.6146128766842
