"mae","rmse"
2.30447203847299,2.75549758334872
