"mae","rmse"
2.33228548517538,2.79551490582557
