"mae","rmse"
2.22862795855887,2.66958663700847
