"mae","rmse"
2.22864331635474,2.66417578242425
