"mae","rmse"
2.31377634348422,2.7714664419145
