"mae","rmse"
2.62575445612082,3.13956014473166
