"mae","rmse"
3.18175357173784,3.62382624618048
