"mae","rmse"
2.41443409724409,2.88887216858906
