"mae","rmse"
2.18504425573908,2.6364605764138
