"mae","rmse"
2.32130071227791,2.77033253524856
