"mae","rmse"
2.49985138501448,2.96759054036236
