"mae","rmse"
2.40972819229654,2.88156105718815
