"mae","rmse"
2.39502974532496,2.8446278756242
