"mae","rmse"
3.13733334278539,3.70384364815758
