"mae","rmse"
2.41463474894316,2.8705687756382
