"mae","rmse"
2.25853960204554,2.72369572512924
