"mae","rmse"
2.36337378113886,2.83808783583216
