"mae","rmse"
2.40072422390724,2.8691207907404
