"mae","rmse"
2.2232335746148,2.65900268431008
