"mae","rmse"
2.44559729262793,2.92028861486753
