"mae","rmse"
2.38367415659379,2.85122540587944
