"mae","rmse"
2.60251141657675,3.14813445625664
