"mae","rmse"
2.23234686907333,2.69129125358684
