"mae","rmse"
2.3173996891226,2.75533629928585
