"mae","rmse"
2.15041249348153,2.59099227622436
