"mae","rmse"
2.43412649806596,2.90771151911747
