"mae","rmse"
2.31236618706225,2.76282625662059
