"mae","rmse"
2.12829963506281,2.57280770885891
