"mae","rmse"
1.89534854422217,2.28057533095707
