"mae","rmse"
2.57887383293967,3.06131826460319
