"mae","rmse"
2.29587688515727,2.73788744007778
