"mae","rmse"
1.92575742383745,2.31800242903066
