"mae","rmse"
2.3175120567769,2.77623285421352
