"mae","rmse"
2.34542015532277,2.78709964757686
