"mae","rmse"
2.39316146284881,2.85727619197927
