"mae","rmse"
2.37504000565215,2.83969871234532
