"mae","rmse"
2.17604997351604,2.61237481839648
