"mae","rmse"
2.36777346534267,2.85093855616051
