"mae","rmse"
2.15452263508272,2.57872316268918
