"mae","rmse"
2.30913238428684,2.79003827001427
