"mae","rmse"
2.29992385571715,2.73584623097733
