"mae","rmse"
2.27932438056903,2.73024621929786
