"mae","rmse"
2.03528293662872,2.48468391034112
