"mae","rmse"
2.80638788403831,3.31787396159258
