"mae","rmse"
2.156792143332,2.60930918323172
