"mae","rmse"
2.34488090845752,2.8194266097505
