"mae","rmse"
2.25024842511554,2.70746049130159
