"mae","rmse"
2.20345231507002,2.65534138587748
