"mae","rmse"
2.44724020485584,2.92610903130731
