"mae","rmse"
2.21325872436514,2.65503994484197
