"mae","rmse"
2.13528949215368,2.57780368474414
