"mae","rmse"
2.41513914974797,2.90855632217352
