"mae","rmse"
2.34532044078779,2.80895921873328
