"mae","rmse"
2.47055932089624,2.94730107202575
