"mae","rmse"
2.4309522480639,2.9104790689726
