"mae","rmse"
2.56247170109398,3.04057035299921
