"mae","rmse"
2.42186461618122,2.88591233530427
32,16,0.2,0.001,128,19880.5470287249,33922.9035822518,1150763387.45075
64,16,0.2,0.001,128,20418.7597530507,34693.7493869265,1203656246.52286
