"mae","rmse"
2.30229269306062,2.75720022784974
