"mae","rmse"
2.42186461618122,2.88591233530427
32,16,0.2,0.001,128,19880.5470287249,33922.9035822518,1150763387.45075
64,16,0.2,0.001,128,20418.7597530507,34693.7493869265,1203656246.52286
128,16,0.2,0.001,128,20202.5284643422,34105.1449619511,1163160912.8757
32,32,0.2,0.001,128,20133.7349854709,33990.565477474,1155358541.47844
64,32,0.2,0.001,128,20436.7862958163,34916.073905796,1219132216.99501
128,32,0.2,0.001,128,20053.4142635271,34337.5084632074,1179064487.46084
