"mae","rmse"
2.43704066784379,2.91070499001368
