"mae","rmse"
2.05655342296983,2.48515676695416
