"mae","rmse"
2.92355544600938,3.46989767778421
