"mae","rmse"
2.06238178267132,2.49060760153359
