"mae","rmse"
2.57900634643796,3.05366031341259
