"mae","rmse"
2.22677514463049,2.68622268912196
