"mae","rmse"
2.07223173255641,2.50405961241302
