"mae","rmse"
2.22569976709213,2.66787955069411
