"mae","rmse"
2.38474143610256,2.83234449538133
