"mae","rmse"
2.2878954357928,2.74262107471895
