"mae","rmse"
2.36812898238809,2.83965159782755
