"mae","rmse"
2.24462033875311,2.71153129296258
