"mae","rmse"
2.40595829377679,2.8753100299145
