"mae","rmse"
2.12476340042961,2.55119974219657
