"mae","rmse"
2.43237500098759,2.91708720658772
