"mae","rmse"
2.18518306505188,2.61979156426346
