"mae","rmse"
2.18328286941119,2.64454720333719
