"mae","rmse"
2.42454037057792,2.90026762917931
