"mae","rmse"
2.22593272651905,2.70547268811835
