"mae","rmse"
2.21761652516448,2.65802086156404
