"mae","rmse"
2.26410719368667,2.69105064501125
