"mae","rmse"
2.33131027264336,2.7772993197897
