"mae","rmse"
2.41113452208873,2.88725877201495
