"mae","rmse"
2.04301501745291,2.46537880102963
